{"screens/base_game_screen.py": 1776789728.7060866, "screens/coin_screen.py": 1776833028.4167514, "screens/dice_screen.py": 1774199604.061439, "screens/intermediate_base_screen.py": 1776756316.0349026, "screens/intermediate_dice.py": 1774196908.4954858, "screens/intermediate_random.py": 1769106492.0579996, "screens/intermediate_roulette.py": 1776708036.892766, "screens/language_screen.py": 1772380319.4411354, "screens/magic_ball_screen.py": 1776789728.7101912, "screens/menu_screen.py": 1776755215.7339923, "screens/quiz_screen.py": 1774199667.7278142, "screens/random_number.py": 1774199700.4216394, "screens/random_screen.py": 1774199685.1964288, "screens/roulette_screen.py": 1776789728.7125921, "screens/rsp_screen.py": 1776789728.7163239, "screens/rus_roulette_screen.py": 1776789969.2117276, "components/control_button.py": 1772380319.3612092, "components/control_panel.py": 1776790520.7834344, "components/icon_button.py": 1768762480.517997, "components/stop_effect.py": 1772380319.3675435, "locales/ar.json": 1772380319.3717835, "locales/en.json": 1772380319.3742502, "locales/es.json": 1772380319.3757734, "locales/hi.json": 1772380319.3781939, "locales/ru.json": 1772380319.3801987, "locales/ua.json": 1772380319.381626, "locales/zn.json": 1772380319.3838756, "main.py": 1776789728.6795352, "assets/icon.png": 1774969035.67016, "assets/backgrounds/coin_bg.png": 1773597212.2791905, "assets/backgrounds/football_bg.jpg": 1767810171.0611188, "assets/backgrounds/indigo_bg.png": 1773592023.033077, "assets/backgrounds/roulette_bg.jpg": 1772380319.002199, "assets/backgrounds/rsp_bg.jpg": 1772380319.0100276, "assets/backgrounds/rus_roulette_bg_1024x1024.jpg": 1772380319.0170174, "assets/balls/ball_fragments.png": 1772380319.0204132, "assets/balls/basketball.png": 1767979676.4745383, "assets/balls/bowling_ball.png": 1767980357.833229, "assets/balls/dice.png": 1767980389.1082847, "assets/balls/football.png": 1767980412.8382962, "assets/balls/Roulette_ball.png": 1772380319.0190234, "assets/fonts/JockeyOne-Regular.ttf": 1767815618.839775, "assets/images/basket.jpg": 1767811028.8442812, "assets/images/bowling_bg.jpg": 1767811428.0012107, "assets/images/football_bg.jpg": 1767810171.0611188, "assets/images/Out_image.png": 1773596142.9501417, "assets/images/Roulette_wheel_0.png": 1772380319.0353825, "assets/images/Roulette_wheel_00.png": 1772380319.0398948, "assets/images/buttons/Basketball_ball_button.png": 1768558648.6525373, "assets/images/buttons/Blue_roulette_button.png": 1773596437.52486, "assets/images/buttons/Blue_sound_button.png": 1772380319.0417688, "assets/images/buttons/Bowling_ball_button.png": 1768562795.4303088, "assets/images/buttons/Dice_button.png": 1768564686.1041784, "assets/images/buttons/Exit_button.png": 1772380319.0455284, "assets/images/buttons/Football_ball_button.png": 1768559826.4353845, "assets/images/buttons/Green_quiz_button.png": 1768845997.4315293, "assets/images/buttons/Green_random_button.png": 1768847348.9497435, "assets/images/buttons/Grey_cent_button.png": 1773596927.6357024, "assets/images/buttons/load_button.png": 1772380319.0761993, "assets/images/buttons/Mute_blue_button.png": 1773082319.3612356, "assets/images/buttons/Orange_back_to_menu_button.png": 1774381060.1334238, "assets/images/buttons/Pink_dices_button.png": 1768764231.4826255, "assets/images/buttons/red.png": 1773590226.9704056, "assets/images/buttons/Red_rus_roulette_button.png": 1773595506.5865529, "assets/images/buttons/rotate_button.png": 1772380319.0832362, "assets/images/buttons/rotate_red_button.png": 1772380319.0887518, "assets/images/buttons/Roulette_ball.png": 1772380319.0530734, "assets/images/buttons/Roulette_switch_button.png": 1772380319.0575836, "assets/images/buttons/rsp_button.png": 1772380319.0917635, "assets/images/buttons/Share_button.png": 1772380319.0607376, "assets/images/buttons/spin_button_green.png": 1772380319.0952759, "assets/images/buttons/spin_button_red.png": 1772380319.0997975, "assets/images/buttons/Unmute_orange_button.png": 1773082319.363886, "assets/images/buttons/white_exit_button.png": 1772380319.101798, "assets/images/buttons/White_lang_button.png": 1776754374.8068216, "assets/images/buttons/White_rate_button.png": 1776789728.6515746, "assets/images/buttons/White_share_button.png": 1776789728.654781, "assets/images/buttons/white_sound_off_button.png": 1772380319.1043196, "assets/images/buttons/White_sound_on_button.png": 1772380319.0672517, "assets/images/coin/orel.png": 1773082319.389527, "assets/images/coin/reshka.png": 1773082319.417211, "assets/images/guns/Bullet_back_0.png": 1772380319.1195517, "assets/images/guns/Bullet_back_1.png": 1772380319.1291084, "assets/images/guns/Bullet_back_10.png": 1772380319.1409326, "assets/images/guns/Bullet_back_2.png": 1772380319.1531124, "assets/images/guns/Bullet_back_3.png": 1772380319.1636362, "assets/images/guns/Bullet_back_4.png": 1772380319.1728375, "assets/images/guns/Bullet_back_5.png": 1772380319.182476, "assets/images/guns/Bullet_back_6.png": 1772380319.192396, "assets/images/guns/Bullet_back_7.png": 1772380319.2031732, "assets/images/guns/Bullet_back_8.png": 1772380319.214161, "assets/images/guns/Bullet_back_9.png": 1772380319.2213006, "assets/images/guns/Drum_1024x1024.png": 1772380319.2365942, "assets/images/guns/load_button.png": 1772380319.2403157, "assets/images/guns/revolver.png": 1772380319.2470713, "assets/images/rsp/lizard.png": 1772380319.252344, "assets/images/rsp/paper.png": 1772380319.25723, "assets/images/rsp/rock.png": 1772380319.2629514, "assets/images/rsp/scissors.png": 1772380319.268794, "assets/images/rsp/spinner_3.png": 1772380319.2742846, "assets/images/rsp/spinner_5.png": 1772380319.2793322, "assets/images/rsp/spock.png": 1772380319.2868948, "assets/sounds/background.wav": 1768242571.110132, "assets/sounds/football_bounce.wav": 1768416621.265679, "assets/sounds/polygons_n_light.mp3": 1768241811.943958, "assets/sounds/Schpun.ogg": 1772380319.3068838, "assets/sounds/coin/coin_13s.ogg": 1773511059.4811804, "assets/sounds/coin/crystal.ogg": 1773511428.7566428, "assets/sounds/Roulette/ball_throw_american.ogg": 1772380319.2901366, "assets/sounds/Roulette/bullet_load.ogg": 1772380319.2916582, "assets/sounds/Roulette/chamber_out.ogg": 1772380319.2936413, "assets/sounds/Roulette/gun_shot.ogg": 1772380319.294646, "assets/sounds/Roulette/misfire.ogg": 1772380319.29817, "assets/sounds/Roulette/revolve.ogg": 1772380319.2991703, "assets/sounds/Roulette/roulette_drum_revolution.ogg": 1772380319.304833, "assets/sounds/rsp/lizard.ogg": 1772380319.3158698, "assets/sounds/rsp/paper.ogg": 1772380319.3188095, "assets/sounds/rsp/scissors.ogg": 1772380319.3211775, "assets/sounds/rsp/spinner_14.ogg": 1772380319.3252509, "assets/sounds/rsp/Spock.ogg": 1772380319.3136575, "assets/sounds/rsp/stone.ogg": 1772380319.3278947, "assets/sprites/coin_spritesheet_1.png": 1773082319.439638, "assets/sprites/coin_spritesheet_2.png": 1773082319.4600213, "assets/sprites/orel_spritesheet.png": 1773162284.1331155, "assets/sprites/reshka_spritesheet.png": 1773163003.975962, "assets/sprites/sprites_football_ball.png": 1769184004.8545504}