{"main.py": 1777227736.1053636, "settings.json": 1777267856.7230015, "sound_manager.py": 1777262442.6250513, "screens/base_game_screen.py": 1777265393.8655066, "screens/coin_screen.py": 1777224353.200463, "screens/dice_screen.py": 1774199604.061439, "screens/intermediate_base_screen.py": 1776756316.0349026, "screens/intermediate_dice.py": 1774196908.4954858, "screens/intermediate_random.py": 1769106492.0579996, "screens/intermediate_roulette.py": 1777222736.0277255, "screens/language_screen.py": 1772380319.4411354, "screens/magic_ball_screen.py": 1777222617.3170369, "screens/menu_screen.py": 1777223026.2450233, "screens/quiz_screen.py": 1774199667.7278142, "screens/random_number.py": 1774199700.4216394, "screens/random_screen.py": 1774199685.1964288, "screens/roulette_screen.py": 1777266357.1652422, "screens/rsp_screen.py": 1777265829.7125764, "screens/rus_roulette_screen.py": 1777223659.8873725, "components/control_button.py": 1777046220.169356, "components/control_panel.py": 1777261589.3392973, "components/icon_button.py": 1777222812.5337765, "locales/ar.json": 1772380319.3717835, "locales/en.json": 1772380319.3742502, "locales/es.json": 1772380319.3757734, "locales/hi.json": 1772380319.3781939, "locales/ru.json": 1772380319.3801987, "locales/ua.json": 1772380319.381626, "locales/zn.json": 1772380319.3838756}