{"screens/base_game_screen.py": 1773588364.3287385, "screens/coin_screen.py": 1773512277.7196455, "screens/dice_screen.py": 1774199604.061439, "screens/intermediate_base_screen.py": 1774379143.195161, "screens/intermediate_dice.py": 1774196908.4954858, "screens/intermediate_random.py": 1769106492.0579996, "screens/intermediate_roulette.py": 1774379536.4523282, "screens/language_screen.py": 1772380319.4411354, "screens/magic_ball_screen.py": 1774458932.5806162, "screens/menu_screen.py": 1776608120.0212529, "screens/quiz_screen.py": 1774199667.7278142, "screens/random_number.py": 1774199700.4216394, "screens/random_screen.py": 1774199685.1964288, "screens/roulette_screen.py": 1773597771.6736891, "screens/rsp_screen.py": 1774377437.6091714, "screens/rus_roulette_screen.py": 1772380319.4470794, "components/control_button.py": 1772380319.3612092, "components/control_panel.py": 1772380319.3635285, "components/icon_button.py": 1768762480.517997, "components/stop_effect.py": 1772380319.3675435, "locales/ar.json": 1772380319.3717835, "locales/en.json": 1772380319.3742502, "locales/es.json": 1772380319.3757734, "locales/hi.json": 1772380319.3781939, "locales/ru.json": 1772380319.3801987, "locales/ua.json": 1772380319.381626, "locales/zn.json": 1772380319.3838756}